transaccion_id,cliente_id,fecha,categoria,item,cantidad,canal
G-T0001,G-C0072,2026-02-20,Construccion,Arena,1,Tienda
G-T0001,G-C0072,2026-02-20,Herramientas,Destornillador,1,Tienda
G-T0001,G-C0072,2026-02-20,Pintura,Lija,3,Tienda
G-T0002,G-C0057,2026-01-26,Electricidad,Cable,2,App
G-T0002,G-C0057,2026-01-26,Electricidad,Interruptor,1,App
G-T0002,G-C0057,2026-01-26,Plomeria,Llave_paso,1,App
G-T0002,G-C0057,2026-01-26,Herramientas,Martillo,2,App
G-T0002,G-C0057,2026-01-26,Electricidad,Tomacorriente,1,App
G-T0003,G-C0077,2026-03-22,Construccion,Arena,1,Tienda
G-T0003,G-C0077,2026-03-22,Pintura,Brocha,1,Tienda
G-T0003,G-C0077,2026-03-22,Pintura,Rodillo,1,Tienda
G-T0004,G-C0007,2026-01-26,Plomeria,Llave_paso,2,Web
G-T0004,G-C0007,2026-01-26,Herramientas,Taladro,1,Web
G-T0005,G-C0032,2026-04-17,Construccion,Arena,2,App
G-T0005,G-C0032,2026-04-17,Electricidad,Cable,2,App
G-T0005,G-C0032,2026-04-17,Construccion,Cemento,2,App
G-T0005,G-C0032,2026-04-17,Plomeria,Pegamento_PVC,1,App
G-T0005,G-C0032,2026-04-17,Pintura,Rodillo,1,App
G-T0005,G-C0032,2026-04-17,Plomeria,Tubo_PVC,1,App
G-T0006,G-C0066,2026-05-01,Pintura,Brocha,1,Web
G-T0006,G-C0066,2026-05-01,Construccion,Cemento,1,Web
G-T0006,G-C0066,2026-05-01,Electricidad,Foco,1,Web
G-T0006,G-C0066,2026-05-01,Pintura,Pintura_blanca,1,Web
G-T0006,G-C0066,2026-05-01,Pintura,Rodillo,1,Web
G-T0006,G-C0066,2026-05-01,Construccion,Tornillos,1,Web
G-T0007,G-C0048,2026-01-15,Electricidad,Interruptor,3,
G-T0007,G-C0048,2026-01-15,Pintura,Lija,2,Web
G-T0007,G-C0048,2026-01-15,Herramientas,Taladro,1,Web
G-T0008,G-C0088,2026-03-17,Pintura,Brocha,1,App
G-T0008,G-C0088,2026-03-17,Electricidad,Cable,1,App
G-T0008,G-C0088,2026-03-17,Construccion,Cemento,1,App
G-T0008,G-C0088,2026-03-17,Plomeria,Pegamento_PVC,2,App
G-T0008,G-C0088,2026-03-17,Plomeria,Tubo_PVC,1,App
G-T0009,G-C0039,2026-01-28,Pintura,Brocha,2,App
G-T0009,G-C0039,2026-01-28,Herramientas,Destornillador,1,App
G-T0009,G-C0039,2026-01-28,Pintura,Lija,1,App
G-T0009,G-C0039,2026-01-28,Pintura,Pintura_blanca,1,App
G-T0009,G-C0039,2026-01-28,Pintura,Rodillo,3,App
G-T0010,G-C0031,2026-04-14,Herramientas,Destornillador,1,Web
G-T0010,G-C0031,2026-04-14,Electricidad,Interruptor,2,Web
G-T0010,G-C0031,2026-04-14,Plomeria,Llave_paso,1,Web
G-T0010,G-C0031,2026-04-14,Construccion,Tornillos,1,Web
G-T0011,G-C0095,2026-02-14,Construccion,Arena,1,Web
G-T0011,G-C0095,2026-02-14,Electricidad,Cable,1,Web
G-T0011,G-C0095,2026-02-14,Electricidad,Foco,1,Web
G-T0011,G-C0095,2026-02-14,Pintura,Pintura_blanca,1,Web
G-T0011,G-C0095,2026-02-14,Herramientas,Taladro,2,Web
G-T0011,G-C0095,2026-02-14,Electricidad,Tomacorriente,1,Web
G-T0012,G-C0093,2026-04-03,Electricidad,Cable,1,App
G-T0012,G-C0093,2026-04-03,Herramientas,Destornillador,4,App
G-T0012,G-C0093,2026-04-03,Electricidad,Interruptor,1,App
G-T0012,G-C0093,2026-04-03,Electricidad,Tomacorriente,2,App
G-T0013,G-C0021,2026-04-04,Pintura,Brocha,2,Tienda
G-T0013,G-C0021,2026-04-04,Electricidad,Cable,3,Tienda
G-T0014,G-C0052,2026-03-04,Herramientas,Alicate,4,Tienda
G-T0014,G-C0052,2026-03-04,Herramientas,Martillo,1,Tienda
G-T0014,G-C0052,2026-03-04,Plomeria,Pegamento_PVC,1,Tienda
G-T0014,G-C0052,2026-03-04,Herramientas,Taladro,1,Tienda
G-T0014,G-C0052,2026-03-04,Construccion,Tornillos,1,Tienda
G-T0015,G-C0065,2026-04-29,Pintura,Brocha,1,Tienda
G-T0015,G-C0065,2026-04-29,Plomeria,Pegamento_PVC,1,Tienda
G-T0015,G-C0065,2026-04-29,Plomeria,Tubo_PVC,2,Tienda
G-T0016,G-C0015,2026-03-12,Herramientas,Destornillador,1,Web
G-T0016,G-C0015,2026-03-12,Pintura,Rodillo,1,Web
G-T0017,G-C0001,2026-02-12,Pintura,Lija,2,Tienda
G-T0017,G-C0001,2026-02-12,Herramientas,Martillo,1,Tienda
G-T0017,G-C0001,2026-02-12,Plomeria,Pegamento_PVC,3,Tienda
G-T0017,G-C0001,2026-02-12,Plomeria,Tubo_PVC,2,Tienda
G-T0018,G-C0060,2026-01-29,Plomeria,Pegamento_PVC,3,Web
G-T0018,G-C0060,2026-01-29,Herramientas,Taladro,1,Web
G-T0018,G-C0060,2026-01-29,Electricidad,Tomacorriente,2,Web
G-T0018,G-C0060,2026-01-29,Plomeria,Tubo_PVC,2,Web
G-T0019,G-C0092,2026-01-01,Construccion,Arena,2,Tienda
G-T0019,G-C0092,2026-01-01,Plomeria,Llave_paso,3,Tienda
G-T0019,G-C0092,2026-01-01,Electricidad,Tomacorriente,1,Tienda
G-T0020,G-C0056,2026-04-13,Electricidad,Foco,2,App
G-T0020,G-C0056,2026-04-13,Electricidad,Tomacorriente,1,App
G-T0021,G-C0064,2026-01-20,Pintura,Brocha,1,Tienda
G-T0021,G-C0064,2026-01-20,Herramientas,Martillo,2,Tienda
G-T0021,G-C0064,2026-01-20,Pintura,Pintura_blanca,1,Tienda
G-T0021,G-C0064,2026-01-20,Pintura,Rodillo,1,Tienda
G-T0022,G-C0016,2026-04-08,Plomeria,Codo,2,App
G-T0022,G-C0016,2026-04-08,Construccion,Tornillos,1,App
G-T0023,G-C0034,2026-04-17,Electricidad,Foco,1,Web
G-T0024,G-C0005,2026-01-01,Construccion,Arena,1,Tienda
G-T0025,G-C0016,2026-01-21,Construccion,Tornillos,1,App
G-T0026,G-C0024,2026-01-14,Electricidad,Cable,1,Tienda
G-T0026,G-C0024,2026-01-14,Pintura,Lija,2,Tienda
G-T0026,G-C0024,2026-01-14,Electricidad,Tomacorriente,1,Tienda
G-T0026,G-C0024,2026-01-14,Construccion,Tornillos,1,Tienda
G-T0027,G-C0001,2026-02-22,Construccion,Arena,2,App
G-T0027,G-C0001,2026-02-22,Pintura,Brocha,1,App
G-T0027,G-C0001,2026-02-22,Plomeria,Llave_paso,3,App
G-T0027,G-C0001,2026-02-22,Electricidad,Tomacorriente,4,App
G-T0028,G-C0095,2026-01-17,Electricidad,Cable,2,Web
G-T0028,G-C0095,2026-01-17,Pintura,Lija,3,Web
G-T0028,G-C0095,2026-01-17,Herramientas,Taladro,1,Web
G-T0028,G-C0095,2026-01-17,Electricidad,Tomacorriente,1,Web
G-T0029,G-C0020,2026-04-19,Construccion,Cemento,1,Tienda
G-T0030,G-C0088,2026-02-11,Herramientas,Alicate,1,Tienda
G-T0030,G-C0088,2026-02-11,Construccion,Arena,1,Tienda
G-T0030,G-C0088,2026-02-11,Construccion,Cemento,1,Tienda
G-T0030,G-C0088,2026-02-11,Plomeria,Codo,1,Tienda
G-T0030,G-C0088,2026-02-11,Plomeria,Pegamento_PVC,1,Tienda
G-T0031,G-C0073,2026-01-02,Plomeria,Codo,1,Telefono
G-T0031,G-C0073,2026-01-02,Plomeria,Llave_paso,2,Telefono
G-T0032,G-C0067,2026-03-30,Pintura,Brocha,2,App
G-T0032,G-C0067,2026-03-30,Herramientas,Taladro,1,App
G-T0032,G-C0067,2026-03-30,Construccion,Tornillos,1,App
G-T0033,G-C0088,2026-01-01,Herramientas,Alicate,1,Tienda
G-T0033,G-C0088,2026-01-01,Pintura,Brocha,1,Tienda
G-T0033,G-C0088,2026-01-01,Electricidad,Cable,1,Tienda
G-T0033,G-C0088,2026-01-01,Construccion,Clavos,2,Tienda
G-T0033,G-C0088,2026-01-01,Electricidad,Interruptor,1,Tienda
G-T0033,G-C0088,2026-01-01,Electricidad,Tomacorriente,1,Tienda
G-T0034,G-C0078,2026-04-26,Herramientas,Alicate,1,Tienda
G-T0034,G-C0078,2026-04-26,Construccion,Arena,1,Tienda
G-T0034,G-C0078,2026-04-26,Construccion,Cemento,1,Tienda
G-T0034,G-C0078,2026-04-26,Plomeria,Pegamento_PVC,3,Tienda
G-T0034,G-C0078,2026-04-26,Construccion,Tornillos,2,Tienda
G-T0034,G-C0078,2026-04-26,Plomeria,Tubo_PVC,1,Tienda
G-T0035,G-C0003,2026-04-20,Construccion,Tornillos,2,Web
G-T0036,G-C0038,2026-01-20,Construccion,Cemento,1,Tienda
G-T0036,G-C0038,2026-01-20,Herramientas,Martillo,1,Tienda
G-T0037,G-C0029,2026-01-18,Pintura,Brocha,1,Web
G-T0038,G-C0085,2026-01-24,Construccion,Arena,1,Web
G-T0038,G-C0085,2026-01-24,Electricidad,Foco,1,Web
G-T0038,G-C0085,2026-01-24,Pintura,Lija,1,Web
G-T0038,G-C0085,2026-01-24,Pintura,Pintura_blanca,1,Web
G-T0038,G-C0085,2026-01-24,Construccion,Tornillos,1,Web
G-T0039,G-C0023,2026-04-10,Construccion,Clavos,1,Telefono
G-T0039,G-C0023,2026-04-10,Plomeria,Pegamento_PVC,1,Telefono
G-T0039,G-C0023,2026-04-10,Pintura,Rodillo,1,Telefono
G-T0039,G-C0023,2026-04-10,Electricidad,Tomacorriente,1,Telefono
G-T0039,G-C0023,2026-04-10,Construccion,Tornillos,1,Telefono
G-T0039,G-C0023,2026-04-10,Plomeria,Tubo_PVC,1,Telefono
G-T0040,G-C0083,2026-03-28,Plomeria,Codo,3,Web
G-T0040,G-C0083,2026-03-28,Electricidad,Foco,1,Web
G-T0041,G-C0016,2026-03-28,Pintura,Brocha,2,Tienda
G-T0041,G-C0016,2026-03-28,Plomeria,Llave_paso,2,Tienda
G-T0041,G-C0016,2026-03-28,Plomeria,Pegamento_PVC,1,Tienda
G-T0041,G-C0016,2026-03-28,Pintura,Pintura_blanca,2,Tienda
G-T0041,G-C0016,2026-03-28,Pintura,Rodillo,1,Tienda
G-T0042,G-C0009,2026-04-07,Herramientas,Alicate,1,Tienda
G-T0042,G-C0009,2026-04-07,Pintura,Brocha,1,Tienda
G-T0042,G-C0009,2026-04-07,Electricidad,Cable,1,Tienda
G-T0042,G-C0009,2026-04-07,Pintura,Pintura_blanca,1,Tienda
G-T0042,G-C0009,2026-04-07,Pintura,Rodillo,2,Tienda
G-T0043,G-C0042,2026-03-04,Electricidad,Cable,1,Tienda
G-T0043,G-C0042,2026-03-04,Plomeria,Codo,1,Tienda
G-T0043,G-C0042,2026-03-04,Electricidad,Tomacorriente,1,Tienda
G-T0044,G-C0070,2026-03-27,Pintura,Lija,1,Tienda
G-T0044,G-C0070,2026-03-27,Plomeria,Llave_paso,1,Tienda
G-T0044,G-C0070,2026-03-27,Pintura,Pintura_blanca,1,Tienda
G-T0044,G-C0070,2026-03-27,Construccion,Tornillos,1,Tienda
G-T0045,G-C0012,2026-03-11,Herramientas,Alicate,3,App
G-T0045,G-C0012,2026-03-11,Pintura,Lija,2,App
G-T0045,G-C0012,2026-03-11,Plomeria,Tubo_PVC,1,App
G-T0046,G-C0016,2026-03-03,Construccion,Cemento,4,Web
G-T0046,G-C0016,2026-03-03,Plomeria,Codo,1,Web
G-T0046,G-C0016,2026-03-03,Plomeria,Llave_paso,3,Web
G-T0046,G-C0016,2026-03-03,Pintura,Pintura_blanca,2,Web
G-T0047,G-C0046,2026-03-25,Electricidad,Cable,3,App
G-T0047,G-C0046,2026-03-25,Electricidad,Interruptor,3,App
G-T0048,G-C0015,2026-04-09,Electricidad,Interruptor,1,Tienda
G-T0048,G-C0015,2026-04-09,Pintura,Rodillo,1,Tienda
G-T0049,G-C0082,2026-04-10,Electricidad,Interruptor,1,Tienda
G-T0049,G-C0082,2026-04-10,Plomeria,Llave_paso,1,Tienda
G-T0050,G-C0052,2026-04-26,Plomeria,Pegamento_PVC,1,Tienda
G-T0050,G-C0052,2026-04-26,Pintura,Pintura_blanca,2,Tienda
G-T0050,G-C0052,2026-04-26,Plomeria,Tubo_PVC,1,Tienda
G-T0051,G-C0006,2026-02-10,Construccion,Cemento,1,Tienda
G-T0051,G-C0006,2026-02-10,Electricidad,Foco,1,Tienda
G-T0051,G-C0006,2026-02-10,Pintura,Rodillo,1,Tienda
G-T0051,G-C0006,2026-02-10,Herramientas,Taladro,1,Tienda
G-T0052,G-C0018,2026-04-07,Herramientas,Alicate,1,Tienda
G-T0052,G-C0018,2026-04-07,Electricidad,Cable,1,Tienda
G-T0052,G-C0018,2026-04-07,Electricidad,Tomacorriente,2,Tienda
G-T0052,G-C0018,2026-04-07,Construccion,Tornillos,3,Tienda
G-T0053,G-C0015,2026-04-05,Construccion,Arena,3,Tienda
G-T0053,G-C0015,2026-04-05,Pintura,Brocha,1,Tienda
G-T0053,G-C0015,2026-04-05,Construccion,Tornillos,2,Tienda
G-T0054,G-C0020,2026-02-17,Construccion,Cemento,1,App
G-T0054,G-C0020,2026-02-17,Pintura,Pintura_blanca,2,App
G-T0055,G-C0049,2026-01-23,Plomeria,Pegamento_PVC,1,Web
G-T0055,G-C0049,2026-01-23,Pintura,Rodillo,2,Web
G-T0055,G-C0049,2026-01-23,Herramientas,Taladro,1,Web
G-T0055,G-C0049,2026-01-23,Plomeria,Tubo_PVC,4,Web
G-T0056,G-C0065,2026-04-28,Pintura,Pintura_blanca,1,Telefono
G-T0056,G-C0065,2026-04-28,Herramientas,Taladro,1,Telefono
G-T0057,G-C0056,2026-04-02,Electricidad,Foco,1,App
G-T0057,G-C0056,2026-04-02,Electricidad,Tomacorriente,1,App
G-T0058,G-C0058,2026-04-15,Pintura,Brocha,1,Web
G-T0058,G-C0058,2026-04-15,Plomeria,Llave_paso,1,Web
G-T0058,G-C0058,2026-04-15,Pintura,Rodillo,1,Web
G-T0058,G-C0058,2026-04-15,Plomeria,Tubo_PVC,2,Web
G-T0059,G-C0043,2026-03-28,Herramientas,Destornillador,1,Tienda
G-T0059,G-C0043,2026-03-28,Pintura,Pintura_blanca,3,Tienda
G-T0060,G-C0035,2026-01-11,Pintura,Brocha,1,Tienda
G-T0060,G-C0035,2026-01-11,Pintura,Pintura_blanca,1,Tienda
G-T0060,G-C0035,2026-01-11,Pintura,Rodillo,1,Tienda
G-T0060,G-C0035,2026-01-11,Herramientas,Taladro,2,Tienda
G-T0061,G-C0044,2026-04-01,Electricidad,Cable,1,Web
G-T0061,G-C0044,2026-04-01,Pintura,Rodillo,1,Web
G-T0061,G-C0044,2026-04-01,Electricidad,Tomacorriente,1,Web
G-T0062,G-C0022,2026-03-30,Pintura,Brocha,2,Web
G-T0062,G-C0022,2026-03-30,Construccion,Cemento,1,Web
G-T0062,G-C0022,2026-03-30,Electricidad,Interruptor,1,Web
G-T0062,G-C0022,2026-03-30,Pintura,Pintura_blanca,2,Web
G-T0062,G-C0022,2026-03-30,Pintura,Rodillo,1,Web
G-T0063,G-C0053,2026-03-22,Pintura,Lija,1,App
G-T0063,G-C0053,2026-03-22,Herramientas,Taladro,3,App
G-T0063,G-C0053,2026-03-22,Construccion,Tornillos,1,App
G-T0064,G-C0047,2026-01-26,Pintura,Brocha,1,Web
G-T0064,G-C0047,2026-01-26,Electricidad,Cable,1,Web
G-T0064,G-C0047,2026-01-26,Pintura,Pintura_blanca,1,Web
G-T0064,G-C0047,2026-01-26,Pintura,Rodillo,2,Web
G-T0065,G-C0024,2026-02-14,Herramientas,Martillo,1,App
G-T0065,G-C0024,2026-02-14,Plomeria,Pegamento_PVC,1,App
G-T0065,G-C0024,2026-02-14,Plomeria,Tubo_PVC,3,App
G-T0066,G-C0063,2026-03-28,Electricidad,Interruptor,1,Tienda
G-T0067,G-C0056,2026-03-06,Plomeria,Llave_paso,1,Web
G-T0067,G-C0056,2026-03-06,Plomeria,Pegamento_PVC,3,Web
G-T0068,G-C0023,2026-02-02,Pintura,Brocha,2,Web
G-T0068,G-C0023,2026-02-02,Plomeria,Codo,1,Web
G-T0068,G-C0023,2026-02-02,Herramientas,Martillo,2,Web
G-T0068,G-C0023,2026-02-02,Electricidad,Tomacorriente,1,Web
G-T0069,G-C0043,2026-04-11,Construccion,Arena,2,App
G-T0069,G-C0043,2026-04-11,Pintura,Rodillo,1,App
G-T0069,G-C0043,2026-04-11,Electricidad,Tomacorriente,1,App
G-T0070,G-C0012,2026-04-08,Construccion,Clavos,1,Tienda
G-T0070,G-C0012,2026-04-08,Plomeria,Llave_paso,1,Tienda
G-T0070,G-C0012,2026-04-08,Herramientas,Martillo,2,Tienda
G-T0070,G-C0012,2026-04-08,Pintura,Pintura_blanca,1,Tienda
G-T0071,G-C0025,2026-01-29,Pintura,Brocha,2,Telefono
G-T0071,G-C0025,2026-01-29,Pintura,Pintura_blanca,1,Telefono
G-T0072,G-C0063,2026-01-03,Pintura,Brocha,4,Telefono
G-T0072,G-C0063,2026-01-03,Electricidad,Foco,2,Telefono
G-T0072,G-C0063,2026-01-03,Pintura,Pintura_blanca,1,Telefono
G-T0072,G-C0063,2026-01-03,Pintura,Rodillo,1,Telefono
G-T0073,G-C0005,2026-02-22,Plomeria,Codo,1,Tienda
G-T0073,G-C0005,2026-02-22,Plomeria,Llave_paso,1,Tienda
G-T0074,G-C0063,2026-04-23,Electricidad,Cable,1,Tienda
G-T0074,G-C0063,2026-04-23,Electricidad,Interruptor,1,Tienda
G-T0074,G-C0063,2026-04-23,Plomeria,Pegamento_PVC,4,Tienda
G-T0074,G-C0063,2026-04-23,Pintura,Pintura_blanca,1,Tienda
G-T0075,G-C0077,2026-01-16,Electricidad,Cable,1,Telefono
G-T0075,G-C0077,2026-01-16,Construccion,Cemento,1,Telefono
G-T0075,G-C0077,2026-01-16,Electricidad,Foco,1,Telefono
G-T0075,G-C0077,2026-01-16,Pintura,Pintura_blanca,1,Telefono
G-T0075,G-C0077,2026-01-16,Electricidad,Tomacorriente,2,Telefono
G-T0076,G-C0063,2026-02-17,Electricidad,Interruptor,1,Tienda
G-T0076,G-C0063,2026-02-17,Herramientas,Martillo,1,Tienda
G-T0076,G-C0063,2026-02-17,Plomeria,Tubo_PVC,1,Tienda
G-T0077,G-C0041,2026-01-16,Pintura,Pintura_blanca,1,Web
G-T0077,G-C0041,2026-01-16,Electricidad,Tomacorriente,2,Web
G-T0078,G-C0078,2026-01-17,Electricidad,Foco,1,App
G-T0078,G-C0078,2026-01-17,Herramientas,Martillo,3,App
G-T0078,G-C0078,2026-01-17,Pintura,Rodillo,1,App
G-T0078,G-C0078,2026-01-17,Herramientas,Taladro,1,App
G-T0078,G-C0078,2026-01-17,Construccion,Tornillos,1,App
G-T0079,G-C0040,2026-04-29,Herramientas,Destornillador,1,App
G-T0079,G-C0040,2026-04-29,Plomeria,Pegamento_PVC,1,App
G-T0079,G-C0040,2026-04-29,Herramientas,Taladro,2,App
G-T0079,G-C0040,2026-04-29,Construccion,Tornillos,1,App
G-T0080,G-C0020,2026-04-20,Pintura,Brocha,1,App
G-T0080,G-C0020,2026-04-20,Herramientas,Destornillador,2,App
G-T0080,G-C0020,2026-04-20,Plomeria,Pegamento_PVC,1,App
G-T0080,G-C0020,2026-04-20,Construccion,Tornillos,2,App
G-T0081,G-C0078,2026-03-10,Pintura,Lija,1,Tienda
G-T0081,G-C0078,2026-03-10,Plomeria,Pegamento_PVC,2,Tienda
G-T0082,G-C0057,2026-02-23,Electricidad,Foco,2,App
G-T0082,G-C0057,2026-02-23,Electricidad,Interruptor,1,App
G-T0083,G-C0036,2026-01-12,Herramientas,Destornillador,2,Tienda
G-T0083,G-C0036,2026-01-12,Pintura,Pintura_blanca,1,Tienda
G-T0083,G-C0036,2026-01-12,Construccion,Tornillos,1,Tienda
G-T0084,G-C0027,2026-03-02,Herramientas,Alicate,2,App
G-T0084,G-C0027,2026-03-02,Pintura,Lija,3,App
G-T0084,G-C0027,2026-03-02,Plomeria,Pegamento_PVC,1,App
G-T0084,G-C0027,2026-03-02,Pintura,Pintura_blanca,1,App
G-T0085,G-C0056,2026-02-24,Construccion,Cemento,1,App
G-T0086,G-C0038,2026-02-26,Pintura,Brocha,2,Web
G-T0086,G-C0038,2026-02-26,Electricidad,Foco,1,Web
G-T0087,G-C0014,2026-02-18,Electricidad,Cable,4,Tienda
G-T0087,G-C0014,2026-02-18,Pintura,Pintura_blanca,1,Tienda
G-T0087,G-C0014,2026-02-18,Pintura,Rodillo,1,Tienda
G-T0088,G-C0038,2026-01-19,Construccion,Arena,1,Web
G-T0088,G-C0038,2026-01-19,Construccion,Cemento,4,Web
G-T0089,G-C0050,2026-01-26,Herramientas,Alicate,1,App
G-T0089,G-C0050,2026-01-26,Pintura,Brocha,1,App
G-T0089,G-C0050,2026-01-26,Pintura,Pintura_blanca,1,App
G-T0089,G-C0050,2026-01-26,Plomeria,Tubo_PVC,1,App
G-T0090,G-C0019,2026-04-14,Herramientas,Alicate,1,Tienda
G-T0090,G-C0019,2026-04-14,Electricidad,Cable,1,Tienda
G-T0090,G-C0019,2026-04-14,Herramientas,Destornillador,1,Tienda
G-T0090,G-C0019,2026-04-14,Pintura,Lija,1,Tienda
G-T0090,G-C0019,2026-04-14,Electricidad,Tomacorriente,1,Tienda
G-T0090,G-C0019,2026-04-14,Construccion,Tornillos,2,Tienda
G-T0091,G-C0039,2026-02-14,Construccion,Cemento,1,Tienda
G-T0092,G-C0026,2026-02-16,Herramientas,Alicate,1,App
G-T0093,G-C0057,2026-01-21,Electricidad,Interruptor,3,Tienda
G-T0094,G-C0062,2026-03-24,Pintura,Brocha,1,App
G-T0094,G-C0062,2026-03-24,Plomeria,Llave_paso,1,App
G-T0095,G-C0070,2026-03-07,Herramientas,Alicate,2,Tienda
G-T0095,G-C0070,2026-03-07,Pintura,Brocha,1,Tienda
G-T0095,G-C0070,2026-03-07,Plomeria,Codo,4,Tienda
G-T0095,G-C0070,2026-03-07,Herramientas,Destornillador,1,Tienda
G-T0095,G-C0070,2026-03-07,Herramientas,Martillo,1,Tienda
G-T0095,G-C0070,2026-03-07,Pintura,Pintura_blanca,1,Tienda
G-T0095,G-C0070,2026-03-07,Pintura,Rodillo,3,Tienda
G-T0096,G-C0087,2026-02-27,Plomeria,Llave_paso,3,Tienda
G-T0096,G-C0087,2026-02-27,Plomeria,Pegamento_PVC,1,Tienda
G-T0096,G-C0087,2026-02-27,Pintura,Rodillo,1,Tienda
G-T0097,G-C0044,2026-04-05,Electricidad,Interruptor,1,Telefono
G-T0097,G-C0044,2026-04-05,Pintura,Lija,1,Telefono
G-T0098,G-C0067,2026-04-30,Construccion,Tornillos,1,App
G-T0099,G-C0055,2026-03-31,Plomeria,Pegamento_PVC,1,App
G-T0099,G-C0055,2026-03-31,Pintura,Pintura_blanca,1,App
G-T0099,G-C0055,2026-03-31,Pintura,Rodillo,1,App
G-T0100,G-C0074,2026-01-14,Pintura,Lija,1,Tienda
G-T0100,G-C0074,2026-01-14,Plomeria,Pegamento_PVC,1,Tienda
G-T0100,G-C0074,2026-01-14,Plomeria,Tubo_PVC,1,Tienda
G-T0101,G-C0009,2026-04-05,Plomeria,Pegamento_PVC,1,Tienda
G-T0102,G-C0054,2026-04-25,Pintura,Pintura_blanca,4,Tienda
G-T0102,G-C0054,2026-04-25,Electricidad,Tomacorriente,1,Tienda
G-T0103,G-C0078,2026-02-14,Construccion,Arena,1,App
G-T0103,G-C0078,2026-02-14,Pintura,Brocha,1,App
G-T0103,G-C0078,2026-02-14,Construccion,Clavos,1,App
G-T0103,G-C0078,2026-02-14,Pintura,Lija,1,App
G-T0103,G-C0078,2026-02-14,Pintura,Pintura_blanca,1,App
G-T0103,G-C0078,2026-02-14,Pintura,Rodillo,1,App
G-T0103,G-C0078,2026-02-14,Plomeria,Tubo_PVC,1,App
G-T0104,G-C0023,2026-01-01,Herramientas,Alicate,2,Tienda
G-T0104,G-C0023,2026-01-01,Electricidad,Cable,1,Tienda
G-T0105,G-C0058,2026-01-06,Electricidad,Foco,1,Tienda
G-T0105,G-C0058,2026-01-06,Plomeria,Llave_paso,1,Tienda
G-T0105,G-C0058,2026-01-06,Plomeria,Pegamento_PVC,1,Tienda
G-T0105,G-C0058,2026-01-06,Pintura,Pintura_blanca,1,Tienda
G-T0106,G-C0003,2026-03-09,Electricidad,Tomacorriente,2,Tienda
G-T0106,G-C0003,2026-03-09,Plomeria,Tubo_PVC,1,Tienda
G-T0107,G-C0083,2026-02-19,Electricidad,Cable,1,Web
G-T0107,G-C0083,2026-02-19,Pintura,Lija,1,Web
G-T0107,G-C0083,2026-02-19,Plomeria,Pegamento_PVC,1,Web
G-T0107,G-C0083,2026-02-19,Plomeria,Tubo_PVC,2,Web
G-T0108,G-C0001,2026-03-07,Plomeria,Pegamento_PVC,1,Tienda
G-T0108,G-C0001,2026-03-07,Plomeria,Tubo_PVC,2,Tienda
G-T0109,G-C0007,2026-03-02,Pintura,Lija,2,Tienda
G-T0109,G-C0007,2026-03-02,Electricidad,Tomacorriente,1,Tienda
G-T0110,G-C0004,2026-02-20,Construccion,Cemento,1,Web
G-T0110,G-C0004,2026-02-20,Plomeria,Llave_paso,1,Web
G-T0111,G-C0034,2026-02-11,Construccion,Tornillos,2,App
G-T0111,G-C0034,2026-02-11,Plomeria,Tubo_PVC,1,App
G-T0112,G-C0066,2026-01-12,Pintura,Brocha,1,Web
G-T0112,G-C0066,2026-01-12,Pintura,Pintura_blanca,1,Web
G-T0112,G-C0066,2026-01-12,Pintura,Rodillo,1,Web
G-T0112,G-C0066,2026-01-12,Construccion,Tornillos,1,Web
G-T0113,G-C0023,2026-02-05,Electricidad,Cable,3,Tienda
G-T0114,G-C0081,2026-03-28,Herramientas,Alicate,1,Web
G-T0115,G-C0009,2026-03-11,Construccion,Tornillos,3,Telefono
G-T0116,G-C0034,2026-03-21,Construccion,Arena,2,Tienda
G-T0116,G-C0034,2026-03-21,Herramientas,Destornillador,1,Tienda
G-T0116,G-C0034,2026-03-21,Electricidad,Interruptor,2,Tienda
G-T0116,G-C0034,2026-03-21,Electricidad,Tomacorriente,3,Tienda
G-T0117,G-C0086,2026-02-27,Pintura,Brocha,1,Tienda
G-T0117,G-C0086,2026-02-27,Plomeria,Codo,1,Tienda
G-T0117,G-C0086,2026-02-27,Plomeria,Pegamento_PVC,1,Tienda
G-T0118,G-C0011,2026-04-20,Pintura,Brocha,3,App
G-T0118,G-C0011,2026-04-20,Plomeria,Codo,1,App
G-T0118,G-C0011,2026-04-20,Herramientas,Taladro,1,App
G-T0118,G-C0011,2026-04-20,Construccion,Tornillos,1,App
G-T0119,G-C0047,2026-02-25,Pintura,Brocha,1,Telefono
G-T0119,G-C0047,2026-02-25,Construccion,Clavos,2,Telefono
G-T0119,G-C0047,2026-02-25,Pintura,Pintura_blanca,1,Telefono
G-T0119,G-C0047,2026-02-25,Pintura,Rodillo,1,Telefono
G-T0119,G-C0047,2026-02-25,Construccion,Tornillos,2,Telefono
G-T0120,G-C0019,2026-03-04,Plomeria,Codo,2,Web
G-T0120,G-C0019,2026-03-04,Herramientas,Martillo,2,Web
G-T0121,G-C0066,2026-01-28,Pintura,Brocha,1,App
G-T0121,G-C0066,2026-01-28,Electricidad,Cable,1,App
G-T0121,G-C0066,2026-01-28,Pintura,Pintura_blanca,2,App
G-T0121,G-C0066,2026-01-28,Pintura,Rodillo,2,App
G-T0121,G-C0066,2026-01-28,Electricidad,Tomacorriente,2,App
G-T0122,G-C0051,2026-02-25,Construccion,Cemento,2,Tienda
G-T0122,G-C0051,2026-02-25,Pintura,Rodillo,2,Tienda
G-T0122,G-C0051,2026-02-25,Herramientas,Taladro,1,Tienda
G-T0122,G-C0051,2026-02-25,Construccion,Tornillos,1,Tienda
G-T0123,G-C0024,2026-03-22,Construccion,Cemento,1,Web
G-T0123,G-C0024,2026-03-22,Herramientas,Martillo,2,Web
G-T0123,G-C0024,2026-03-22,Construccion,Tornillos,1,Web
G-T0124,G-C0056,2026-04-07,Construccion,Clavos,4,App
G-T0124,G-C0056,2026-04-07,Plomeria,Codo,3,App
G-T0124,G-C0056,2026-04-07,Electricidad,Foco,1,App
G-T0124,G-C0056,2026-04-07,Herramientas,Taladro,2,App
G-T0124,G-C0056,2026-04-07,Construccion,Tornillos,1,App
G-T0125,G-C0019,2026-03-06,Plomeria,Pegamento_PVC,2,Tienda
G-T0126,G-C0082,2026-01-05,Electricidad,Cable,4,Tienda
G-T0126,G-C0082,2026-01-05,Pintura,Rodillo,1,Tienda
G-T0126,G-C0082,2026-01-05,Herramientas,Taladro,1,Tienda
G-T0126,G-C0082,2026-01-05,Construccion,Tornillos,1,Tienda
G-T0127,G-C0030,2026-04-20,Plomeria,Llave_paso,1,Web
G-T0127,G-C0030,2026-04-20,Plomeria,Tubo_PVC,1,Web
G-T0128,G-C0058,2026-04-13,Herramientas,Taladro,2,Web
G-T0128,G-C0058,2026-04-13,Electricidad,Tomacorriente,2,Web
G-T0128,G-C0058,2026-04-13,Construccion,Tornillos,1,Web
G-T0129,G-C0021,2026-04-18,Pintura,Brocha,1,Web
G-T0129,G-C0021,2026-04-18,Electricidad,Cable,3,Web
G-T0129,G-C0021,2026-04-18,Electricidad,Tomacorriente,1,Web
G-T0129,G-C0021,2026-04-18,Construccion,Tornillos,1,Web
G-T0130,G-C0060,2026-04-04,Construccion,Clavos,2,Web
G-T0130,G-C0060,2026-04-04,Pintura,Rodillo,1,Web
G-T0131,G-C0040,2026-02-10,Electricidad,Cable,3,Tienda
G-T0131,G-C0040,2026-02-10,Construccion,Cemento,2,Tienda
G-T0131,G-C0040,2026-02-10,Electricidad,Interruptor,1,Tienda
G-T0131,G-C0040,2026-02-10,Plomeria,Pegamento_PVC,1,Tienda
G-T0131,G-C0040,2026-02-10,Electricidad,Tomacorriente,1,Tienda
G-T0132,G-C0020,2026-01-07,Plomeria,Codo,3,Tienda
G-T0132,G-C0020,2026-01-07,Herramientas,Martillo,1,Tienda
G-T0132,G-C0020,2026-01-07,Plomeria,Pegamento_PVC,2,Tienda
G-T0132,G-C0020,2026-01-07,Construccion,Tornillos,1,Tienda
G-T0132,G-C0020,2026-01-07,Plomeria,Tubo_PVC,2,Tienda
G-T0133,G-C0084,2026-02-24,Pintura,Pintura_blanca,1,Web
G-T0133,G-C0084,2026-02-24,Pintura,Rodillo,1,Web
G-T0133,G-C0084,2026-02-24,Electricidad,Tomacorriente,2,Web
G-T0134,G-C0018,2026-03-01,Plomeria,Codo,1,Web
G-T0134,G-C0018,2026-03-01,Pintura,Lija,2,Web
G-T0134,G-C0018,2026-03-01,Herramientas,Taladro,1,Web
G-T0134,G-C0018,2026-03-01,Construccion,Tornillos,1,Web
G-T0135,G-C0080,2026-01-14,Herramientas,Alicate,1,Tienda
G-T0135,G-C0080,2026-01-14,Plomeria,Pegamento_PVC,1,Tienda
G-T0135,G-C0080,2026-01-14,Plomeria,Tubo_PVC,1,Tienda
G-T0136,G-C0086,2026-04-04,Pintura,Rodillo,1,App
G-T0137,G-C0010,2026-03-02,Electricidad,Cable,4,Web
G-T0137,G-C0010,2026-03-02,Herramientas,Destornillador,3,Web
G-T0138,G-C0085,2026-01-21,Pintura,Brocha,2,Tienda
G-T0138,G-C0085,2026-01-21,Plomeria,Codo,2,Tienda
G-T0138,G-C0085,2026-01-21,Pintura,Pintura_blanca,1,Tienda
G-T0139,G-C0003,2026-01-29,Pintura,Brocha,3,Web
G-T0139,G-C0003,2026-01-29,Plomeria,Pegamento_PVC,2,Web
G-T0139,G-C0003,2026-01-29,Construccion,Tornillos,1,Web
G-T0139,G-C0003,2026-01-29,Plomeria,Tubo_PVC,2,Web
G-T0140,G-C0069,2026-01-15,Pintura,Brocha,1,App
G-T0140,G-C0069,2026-01-15,Electricidad,Foco,2,App
G-T0140,G-C0069,2026-01-15,Plomeria,Llave_paso,1,App
G-T0140,G-C0069,2026-01-15,Plomeria,Tubo_PVC,1,App
G-T0141,G-C0080,2026-03-26,Construccion,Clavos,1,Tienda
G-T0141,G-C0080,2026-03-26,Plomeria,Llave_paso,1,Tienda
G-T0141,G-C0080,2026-03-26,Electricidad,Tomacorriente,1,Tienda
G-T0141,G-C0080,2026-03-26,Plomeria,Tubo_PVC,1,Tienda
G-T0142,G-C0057,2026-04-20,Pintura,Brocha,1,Web
G-T0142,G-C0057,2026-04-20,Plomeria,Pegamento_PVC,1,Web
G-T0142,G-C0057,2026-04-20,Herramientas,Taladro,3,Web
G-T0142,G-C0057,2026-04-20,Plomeria,Tubo_PVC,1,Web
G-T0143,G-C0063,2026-03-30,Pintura,Lija,1,Tienda
G-T0143,G-C0063,2026-03-30,Pintura,Rodillo,1,Tienda
G-T0143,G-C0063,2026-03-30,Herramientas,Taladro,1,Tienda
G-T0143,G-C0063,2026-03-30,Plomeria,Tubo_PVC,1,Tienda
G-T0144,G-C0006,2026-03-17,Electricidad,Foco,3,Tienda
G-T0145,G-C0076,2026-03-12,Herramientas,Taladro,1,Tienda
G-T0145,G-C0076,2026-03-12,Electricidad,Tomacorriente,1,Tienda
G-T0146,G-C0073,2026-01-03,Pintura,Rodillo,1,Tienda
G-T0146,G-C0073,2026-01-03,Herramientas,Taladro,1,Tienda
G-T0146,G-C0073,2026-01-03,Construccion,Tornillos,1,Tienda
G-T0146,G-C0073,2026-01-03,Plomeria,Tubo_PVC,1,Tienda
G-T0147,G-C0028,2026-04-29,Plomeria,Codo,1,Web
G-T0147,G-C0028,2026-04-29,Pintura,Pintura_blanca,1,Web
G-T0147,G-C0028,2026-04-29,Pintura,Rodillo,1,Web
G-T0148,G-C0047,2026-01-21,Construccion,Tornillos,1,Web
G-T0149,G-C0008,2026-02-16,Herramientas,Destornillador,1,Tienda
G-T0149,G-C0008,2026-02-16,Electricidad,Interruptor,2,Tienda
G-T0149,G-C0008,2026-02-16,Pintura,Pintura_blanca,3,Tienda
G-T0149,G-C0008,2026-02-16,Construccion,Tornillos,1,Tienda
G-T0150,G-C0057,2026-03-23,Construccion,Arena,1,App
G-T0151,G-C0046,2026-03-30,Pintura,Brocha,1,Tienda
G-T0152,G-C0090,2026-03-17,Electricidad,Cable,1,Tienda
G-T0152,G-C0090,2026-03-17,Electricidad,Foco,4,Tienda
G-T0152,G-C0090,2026-03-17,Herramientas,Martillo,1,Tienda
G-T0152,G-C0090,2026-03-17,Construccion,Tornillos,1,Tienda
G-T0153,G-C0033,2026-04-20,Construccion,Clavos,1,App
G-T0153,G-C0033,2026-04-20,Pintura,Lija,1,App
G-T0154,G-C0094,2026-03-17,Pintura,Brocha,1,Tienda
G-T0154,G-C0094,2026-03-17,Electricidad,Cable,3,Tienda
G-T0154,G-C0094,2026-03-17,Plomeria,Pegamento_PVC,2,Tienda
G-T0154,G-C0094,2026-03-17,Electricidad,Tomacorriente,2,Tienda
G-T0154,G-C0094,2026-03-17,Plomeria,Tubo_PVC,1,Tienda
G-T0155,G-C0041,2026-01-02,Herramientas,Destornillador,1,Tienda
G-T0155,G-C0041,2026-01-02,Electricidad,Interruptor,3,Tienda
G-T0155,G-C0041,2026-01-02,Herramientas,Martillo,1,Tienda
G-T0155,G-C0041,2026-01-02,Pintura,Rodillo,2,Tienda
G-T0155,G-C0041,2026-01-02,Herramientas,Taladro,1,Tienda
G-T0155,G-C0041,2026-01-02,Construccion,Tornillos,1,Tienda
G-T0156,G-C0003,2026-02-15,Herramientas,Martillo,2,Tienda
G-T0157,G-C0064,2026-03-16,Pintura,Brocha,2,Tienda
G-T0157,G-C0064,2026-03-16,Pintura,Pintura_blanca,1,Tienda
G-T0158,G-C0062,2026-02-08,Plomeria,Pegamento_PVC,1,Tienda
G-T0158,G-C0062,2026-02-08,Plomeria,Tubo_PVC,1,Tienda
G-T0159,G-C0005,2026-03-17,Electricidad,Cable,1,Tienda
G-T0159,G-C0005,2026-03-17,Construccion,Cemento,1,Tienda
G-T0159,G-C0005,2026-03-17,Electricidad,Foco,1,Tienda
G-T0159,G-C0005,2026-03-17,Electricidad,Tomacorriente,1,Tienda
G-T0159,G-C0005,2026-03-17,Construccion,Tornillos,1,Tienda
G-T0160,G-C0024,2026-01-13,Pintura,Brocha,1,Tienda
G-T0160,G-C0024,2026-01-13,Pintura,Lija,1,Tienda
G-T0160,G-C0024,2026-01-13,Plomeria,Llave_paso,2,Tienda
G-T0160,G-C0024,2026-01-13,Pintura,Pintura_blanca,3,Tienda
G-T0160,G-C0024,2026-01-13,Pintura,Rodillo,1,Tienda
G-T0160,G-C0024,2026-01-13,Herramientas,Taladro,1,Tienda
G-T0161,G-C0074,2026-04-30,Pintura,Rodillo,1,Tienda
G-T0161,G-C0074,2026-04-30,Plomeria,Tubo_PVC,1,Tienda
G-T0162,G-C0087,2026-02-25,Pintura,Brocha,1,Tienda
G-T0162,G-C0087,2026-02-25,Pintura,Pintura_blanca,1,Tienda
G-T0162,G-C0087,2026-02-25,Pintura,Rodillo,1,Tienda
G-T0163,G-C0079,2026-03-22,Plomeria,Pegamento_PVC,2,App
G-T0163,G-C0079,2026-03-22,Pintura,Rodillo,1,App
G-T0163,G-C0079,2026-03-22,Herramientas,Taladro,2,App
G-T0163,G-C0079,2026-03-22,Plomeria,Tubo_PVC,2,App
G-T0164,G-C0083,2026-03-30,Construccion,Clavos,1,Tienda
G-T0164,G-C0083,2026-03-30,Plomeria,Pegamento_PVC,1,Tienda
G-T0164,G-C0083,2026-03-30,Plomeria,Tubo_PVC,2,Tienda
G-T0165,G-C0002,2026-03-07,Herramientas,Alicate,2,Tienda
G-T0165,G-C0002,2026-03-07,Plomeria,Pegamento_PVC,2,Tienda
G-T0165,G-C0002,2026-03-07,Plomeria,Tubo_PVC,1,Tienda
G-T0166,G-C0012,2026-02-28,Electricidad,Cable,3,Web
G-T0166,G-C0012,2026-02-28,Herramientas,Taladro,3,Web
G-T0166,G-C0012,2026-02-28,Electricidad,Tomacorriente,1,Web
G-T0167,G-C0043,2026-03-17,Plomeria,Llave_paso,2,Tienda
G-T0167,G-C0043,2026-03-17,Plomeria,Pegamento_PVC,1,Tienda
G-T0167,G-C0043,2026-03-17,Pintura,Pintura_blanca,1,Tienda
G-T0167,G-C0043,2026-03-17,Pintura,Rodillo,1,Tienda
G-T0167,G-C0043,2026-03-17,Plomeria,Tubo_PVC,2,Tienda
G-T0168,G-C0071,2026-02-15,Pintura,Brocha,1,Tienda
G-T0168,G-C0071,2026-02-15,Construccion,Clavos,2,Tienda
G-T0168,G-C0071,2026-02-15,Plomeria,Pegamento_PVC,1,Tienda
G-T0168,G-C0071,2026-02-15,Construccion,Tornillos,1,Tienda
G-T0169,G-C0028,2026-01-28,Electricidad,Cable,1,Tienda
G-T0169,G-C0028,2026-01-28,Herramientas,Martillo,3,Tienda
G-T0169,G-C0028,2026-01-28,Herramientas,Taladro,1,Tienda
G-T0169,G-C0028,2026-01-28,Construccion,Tornillos,1,Tienda
G-T0170,G-C0001,2026-04-14,Construccion,Arena,3,Tienda
G-T0170,G-C0001,2026-04-14,Pintura,Lija,1,Tienda
G-T0171,G-C0008,2026-01-17,Electricidad,Cable,1,Tienda
G-T0171,G-C0008,2026-01-17,Pintura,Rodillo,1,Tienda
G-T0171,G-C0008,2026-01-17,Electricidad,Tomacorriente,1,Tienda
G-T0172,G-C0020,2026-03-02,Construccion,Cemento,1,Web
G-T0172,G-C0020,2026-03-02,Pintura,Pintura_blanca,1,Web
G-T0172,G-C0020,2026-03-02,Herramientas,Taladro,1,Web
G-T0172,G-C0020,2026-03-02,Construccion,Tornillos,1,Web
G-T0173,G-C0008,2026-01-12,Construccion,Cemento,1,App
G-T0174,G-C0013,2026-02-08,Pintura,Brocha,1,Web
G-T0174,G-C0013,2026-02-08,Plomeria,Llave_paso,1,Web
G-T0174,G-C0013,2026-02-08,Pintura,Pintura_blanca,1,Web
G-T0174,G-C0013,2026-02-08,Pintura,Rodillo,4,Web
G-T0175,G-C0062,2026-03-02,Electricidad,Cable,1,Tienda
G-T0175,G-C0062,2026-03-02,Construccion,Cemento,1,Tienda
G-T0175,G-C0062,2026-03-02,Herramientas,Taladro,3,Tienda
G-T0175,G-C0062,2026-03-02,Electricidad,Tomacorriente,1,Tienda
G-T0176,G-C0080,2026-04-23,Pintura,Brocha,1,App
G-T0176,G-C0080,2026-04-23,Electricidad,Cable,3,App
G-T0176,G-C0080,2026-04-23,Plomeria,Pegamento_PVC,4,App
G-T0176,G-C0080,2026-04-23,Herramientas,Taladro,1,App
G-T0176,G-C0080,2026-04-23,Construccion,Tornillos,1,App
G-T0177,G-C0026,2026-04-26,Plomeria,Codo,1,App
G-T0177,G-C0026,2026-04-26,Herramientas,Destornillador,1,App
G-T0178,G-C0013,2026-03-20,Herramientas,Alicate,2,Tienda
G-T0178,G-C0013,2026-03-20,Pintura,Brocha,1,Tienda
G-T0178,G-C0013,2026-03-20,Pintura,Pintura_blanca,3,Tienda
G-T0178,G-C0013,2026-03-20,Pintura,Rodillo,1,Tienda
G-T0178,G-C0013,2026-03-20,Construccion,Tornillos,1,Tienda
G-T0178,G-C0013,2026-03-20,Plomeria,Tubo_PVC,2,Tienda
G-T0179,G-C0073,2026-01-10,Pintura,Brocha,1,App
G-T0179,G-C0073,2026-01-10,Electricidad,Cable,1,App
G-T0179,G-C0073,2026-01-10,Pintura,Lija,2,App
G-T0179,G-C0073,2026-01-10,Plomeria,Tubo_PVC,1,App
G-T0180,G-C0062,2026-01-04,Construccion,Cemento,1,Tienda
G-T0180,G-C0062,2026-01-04,Herramientas,Destornillador,4,Tienda
G-T0180,G-C0062,2026-01-04,Plomeria,Pegamento_PVC,1,Tienda
G-T0180,G-C0062,2026-01-04,Plomeria,Tubo_PVC,1,Tienda
G-T0181,G-C0062,2026-02-11,Electricidad,Cable,2,Tienda
G-T0181,G-C0062,2026-02-11,Electricidad,Interruptor,1,Tienda
G-T0182,G-C0081,2026-03-08,Herramientas,Destornillador,1,Tienda
G-T0182,G-C0081,2026-03-08,Electricidad,Interruptor,1,Tienda
G-T0182,G-C0081,2026-03-08,Pintura,Pintura_blanca,1,Tienda
G-T0183,G-C0087,2026-02-28,Electricidad,Cable,1,Tienda
G-T0183,G-C0087,2026-02-28,Pintura,Lija,3,Tienda
G-T0183,G-C0087,2026-02-28,Electricidad,Tomacorriente,1,Tienda
G-T0184,G-C0008,2026-04-15,Construccion,Clavos,2,App
G-T0184,G-C0008,2026-04-15,Electricidad,Foco,2,App
G-T0185,G-C0003,2026-03-23,Electricidad,Foco,1,Web
G-T0185,G-C0003,2026-03-23,Electricidad,Tomacorriente,1,Web
G-T0186,G-C0094,2026-04-11,Construccion,Arena,1,App
G-T0186,G-C0094,2026-04-11,Electricidad,Cable,1,App
G-T0186,G-C0094,2026-04-11,Pintura,Pintura_blanca,1,App
G-T0186,G-C0094,2026-04-11,Pintura,Rodillo,1,App
G-T0187,G-C0042,2026-03-14,Herramientas,Alicate,1,Tienda
G-T0187,G-C0042,2026-03-14,Construccion,Arena,2,Tienda
G-T0187,G-C0042,2026-03-14,Electricidad,Cable,1,Tienda
G-T0187,G-C0042,2026-03-14,Construccion,Clavos,2,Tienda
G-T0187,G-C0042,2026-03-14,Plomeria,Pegamento_PVC,1,Tienda
G-T0187,G-C0042,2026-03-14,Electricidad,Tomacorriente,3,Tienda
G-T0188,G-C0008,2026-03-23,Construccion,Arena,1,Web
G-T0188,G-C0008,2026-03-23,Herramientas,Destornillador,1,Web
G-T0188,G-C0008,2026-03-23,Electricidad,Interruptor,1,Web
G-T0188,G-C0008,2026-03-23,Electricidad,Tomacorriente,1,Web
G-T0189,G-C0063,2026-02-13,Electricidad,Cable,1,Tienda
G-T0189,G-C0063,2026-02-13,Construccion,Clavos,1,Tienda
G-T0189,G-C0063,2026-02-13,Herramientas,Destornillador,1,Tienda
G-T0189,G-C0063,2026-02-13,Herramientas,Taladro,1,Tienda
G-T0189,G-C0063,2026-02-13,Construccion,Tornillos,1,Tienda
G-T0190,G-C0027,2026-02-24,Electricidad,Foco,4,Tienda
G-T0191,G-C0033,2026-04-29,Electricidad,Cable,1,Web
G-T0191,G-C0033,2026-04-29,Electricidad,Tomacorriente,1,Web
G-T0192,G-C0021,2026-02-24,Electricidad,Cable,1,Tienda
G-T0193,G-C0082,2026-04-06,Pintura,Brocha,2,App
G-T0193,G-C0082,2026-04-06,Electricidad,Cable,1,App
G-T0193,G-C0082,2026-04-06,Construccion,Tornillos,1,App
G-T0194,G-C0079,2026-04-06,Herramientas,Martillo,2,Web
G-T0195,G-C0065,2026-02-20,Herramientas,Alicate,1,App
G-T0195,G-C0065,2026-02-20,Herramientas,Martillo,2,App
G-T0195,G-C0065,2026-02-20,Plomeria,Pegamento_PVC,1,App
G-T0195,G-C0065,2026-02-20,Herramientas,Taladro,1,App
G-T0195,G-C0065,2026-02-20,Electricidad,Tomacorriente,2,App
G-T0195,G-C0065,2026-02-20,Plomeria,Tubo_PVC,1,App
G-T0005,G-C0032,2026-04-17,Construccion,Cemento,2,App
